{
    "packages": [
        {
            "name": "ezyang/htmlpurifier",
            "version": "v4.13.0",
            "version_normalized": "4.13.0.0",
            "source": {
                "type": "git",
                "url": "https://github.com/ezyang/htmlpurifier.git",
                "reference": "08e27c97e4c6ed02f37c5b2b20488046c8d90d75"
            },
            "dist": {
                "type": "zip",
                "url": "https://api.github.com/repos/ezyang/htmlpurifier/zipball/08e27c97e4c6ed02f37c5b2b20488046c8d90d75",
                "reference": "08e27c97e4c6ed02f37c5b2b20488046c8d90d75",
                "shasum": ""
            },
            "require": {
                "php": ">=5.2"
            },
            "require-dev": {
                "simpletest/simpletest": "dev-master#72de02a7b80c6bb8864ef9bf66d41d2f58f826bd"
            },
            "time": "2020-06-29T00:56:53+00:00",
            "type": "library",
            "installation-source": "dist",
            "autoload": {
                "psr-0": {
                    "HTMLPurifier": "library/"
                },
                "files": [
                    "library/HTMLPurifier.composer.php"
                ],
                "exclude-from-classmap": [
                    "/library/HTMLPurifier/Language/"
                ]
            },
            "notification-url": "https://packagist.org/downloads/",
            "license": [
                "LGPL-2.1-or-later"
            ],
            "authors": [
                {
                    "name": "Edward Z. Yang",
                    "email": "admin@htmlpurifier.org",
                    "homepage": "http://ezyang.com"
                }
            ],
            "description": "Standards compliant HTML filter written in PHP",
            "homepage": "http://htmlpurifier.org/",
            "keywords": [
                "html"
            ],
            "support": {
                "issues": "https://github.com/ezyang/htmlpurifier/issues",
                "source": "https://github.com/ezyang/htmlpurifier/tree/master"
            },
            "install-path": "../ezyang/htmlpurifier"
        },
        {
            "name": "maennchen/zipstream-php",
            "version": "2.1.0",
            "version_normalized": "2.1.0.0",
            "source": {
                "type": "git",
                "url": "https://github.com/maennchen/ZipStream-PHP.git",
                "reference": "c4c5803cc1f93df3d2448478ef79394a5981cc58"
            },
            "dist": {
                "type": "zip",
                "url": "https://api.github.com/repos/maennchen/ZipStream-PHP/zipball/c4c5803cc1f93df3d2448478ef79394a5981cc58",
                "reference": "c4c5803cc1f93df3d2448478ef79394a5981cc58",
                "shasum": ""
            },
            "require": {
                "myclabs/php-enum": "^1.5",
                "php": ">= 7.1",
                "psr/http-message": "^1.0",
                "symfony/polyfill-mbstring": "^1.0"
            },
            "require-dev": {
                "ext-zip": "*",
                "guzzlehttp/guzzle": ">= 6.3",
                "mikey179/vfsstream": "^1.6",
                "phpunit/phpunit": ">= 7.5"
            },
            "time": "2020-05-30T13:11:16+00:00",
            "type": "library",
            "installation-source": "dist",
            "autoload": {
                "psr-4": {
                    "ZipStream\\": "src/"
                }
            },
            "notification-url": "https://packagist.org/downloads/",
            "license": [
                "MIT"
            ],
            "authors": [
                {
                    "name": "Paul Duncan",
                    "email": "pabs@pablotron.org"
                },
                {
                    "name": "Jonatan Männchen",
                    "email": "jonatan@maennchen.ch"
                },
                {
                    "name": "Jesse Donat",
                    "email": "donatj@gmail.com"
                },
                {
                    "name": "András Kolesár",
                    "email": "kolesar@kolesar.hu"
                }
            ],
            "description": "ZipStream is a library for dynamically streaming dynamic zip files from PHP without writing to the disk at all on the server.",
            "keywords": [
                "stream",
                "zip"
            ],
            "support": {
                "issues": "https://github.com/maennchen/ZipStream-PHP/issues",
                "source": "https://github.com/maennchen/ZipStream-PHP/tree/master"
            },
            "funding": [
                {
                    "url": "https://opencollective.com/zipstream",
                    "type": "open_collective"
                }
            ],
            "install-path": "../maennchen/zipstream-php"
        },
        {
            "name": "markbaker/complex",
            "version": "2.0.0",
            "version_normalized": "2.0.0.0",
            "source": {
                "type": "git",
                "url": "https://github.com/MarkBaker/PHPComplex.git",
                "reference": "9999f1432fae467bc93c53f357105b4c31bb994c"
            },
            "dist": {
                "type": "zip",
                "url": "https://api.github.com/repos/MarkBaker/PHPComplex/zipball/9999f1432fae467bc93c53f357105b4c31bb994c",
                "reference": "9999f1432fae467bc93c53f357105b4c31bb994c",
                "shasum": ""
            },
            "require": {
                "php": "^7.2 || ^8.0"
            },
            "require-dev": {
                "dealerdirect/phpcodesniffer-composer-installer": "^0.7.0",
                "phpcompatibility/php-compatibility": "^9.0",
                "phpdocumentor/phpdocumentor": "2.*",
                "phploc/phploc": "^4.0",
                "phpmd/phpmd": "2.*",
                "phpunit/phpunit": "^7.0 || ^8.0 || ^9.3",
                "sebastian/phpcpd": "^4.0",
                "squizlabs/php_codesniffer": "^3.4"
            },
            "time": "2020-08-26T10:42:07+00:00",
            "type": "library",
            "installation-source": "dist",
            "autoload": {
                "psr-4": {
                    "Complex\\": "classes/src/"
                },
                "files": [
                    "classes/src/functions/abs.php",
                    "classes/src/functions/acos.php",
                    "classes/src/functions/acosh.php",
                    "classes/src/functions/acot.php",
                    "classes/src/functions/acoth.php",
                    "classes/src/functions/acsc.php",
                    "classes/src/functions/acsch.php",
                    "classes/src/functions/argument.php",
                    "classes/src/functions/asec.php",
                    "classes/src/functions/asech.php",
                    "classes/src/functions/asin.php",
                    "classes/src/functions/asinh.php",
                    "classes/src/functions/atan.php",
                    "classes/src/functions/atanh.php",
                    "classes/src/functions/conjugate.php",
                    "classes/src/functions/cos.php",
                    "classes/src/functions/cosh.php",
                    "classes/src/functions/cot.php",
                    "classes/src/functions/coth.php",
                    "classes/src/functions/csc.php",
                    "classes/src/functions/csch.php",
                    "classes/src/functions/exp.php",
                    "classes/src/functions/inverse.php",
                    "classes/src/functions/ln.php",
                    "classes/src/functions/log2.php",
                    "classes/src/functions/log10.php",
                    "classes/src/functions/negative.php",
                    "classes/src/functions/pow.php",
                    "classes/src/functions/rho.php",
                    "classes/src/functions/sec.php",
                    "classes/src/functions/sech.php",
                    "classes/src/functions/sin.php",
                    "classes/src/functions/sinh.php",
                    "classes/src/functions/sqrt.php",
                    "classes/src/functions/tan.php",
                    "classes/src/functions/tanh.php",
                    "classes/src/functions/theta.php",
                    "classes/src/operations/add.php",
                    "classes/src/operations/subtract.php",
                    "classes/src/operations/multiply.php",
                    "classes/src/operations/divideby.php",
                    "classes/src/operations/divideinto.php"
                ]
            },
            "notification-url": "https://packagist.org/downloads/",
            "license": [
                "MIT"
            ],
            "authors": [
                {
                    "name": "Mark Baker",
                    "email": "mark@lange.demon.co.uk"
                }
            ],
            "description": "PHP Class for working with complex numbers",
            "homepage": "https://github.com/MarkBaker/PHPComplex",
            "keywords": [
                "complex",
                "mathematics"
            ],
            "support": {
                "issues": "https://github.com/MarkBaker/PHPComplex/issues",
                "source": "https://github.com/MarkBaker/PHPComplex/tree/PHP8"
            },
            "install-path": "../markbaker/complex"
        },
        {
            "name": "markbaker/matrix",
            "version": "2.1.2",
            "version_normalized": "2.1.2.0",
            "source": {
                "type": "git",
                "url": "https://github.com/MarkBaker/PHPMatrix.git",
                "reference": "361c0f545c3172ee26c3d596a0aa03f0cef65e6a"
            },
            "dist": {
                "type": "zip",
                "url": "https://api.github.com/repos/MarkBaker/PHPMatrix/zipball/361c0f545c3172ee26c3d596a0aa03f0cef65e6a",
                "reference": "361c0f545c3172ee26c3d596a0aa03f0cef65e6a",
                "shasum": ""
            },
            "require": {
                "php": "^7.1 || ^8.0"
            },
            "require-dev": {
                "dealerdirect/phpcodesniffer-composer-installer": "^0.7.0",
                "phpcompatibility/php-compatibility": "^9.0",
                "phpdocumentor/phpdocumentor": "2.*",
                "phploc/phploc": "^4.0",
                "phpmd/phpmd": "2.*",
                "phpunit/phpunit": "^7.0 || ^8.0 || ^9.3",
                "sebastian/phpcpd": "^4.0",
                "squizlabs/php_codesniffer": "^3.4"
            },
            "time": "2021-01-23T16:37:31+00:00",
            "type": "library",
            "installation-source": "dist",
            "autoload": {
                "psr-4": {
                    "Matrix\\": "classes/src/"
                },
                "files": [
                    "classes/src/Functions/adjoint.php",
                    "classes/src/Functions/antidiagonal.php",
                    "classes/src/Functions/cofactors.php",
                    "classes/src/Functions/determinant.php",
                    "classes/src/Functions/diagonal.php",
                    "classes/src/Functions/identity.php",
                    "classes/src/Functions/inverse.php",
                    "classes/src/Functions/minors.php",
                    "classes/src/Functions/trace.php",
                    "classes/src/Functions/transpose.php",
                    "classes/src/Operations/add.php",
                    "classes/src/Operations/directsum.php",
                    "classes/src/Operations/subtract.php",
                    "classes/src/Operations/multiply.php",
                    "classes/src/Operations/divideby.php",
                    "classes/src/Operations/divideinto.php"
                ]
            },
            "notification-url": "https://packagist.org/downloads/",
            "license": [
                "MIT"
            ],
            "authors": [
                {
                    "name": "Mark Baker",
                    "email": "mark@demon-angel.eu"
                }
            ],
            "description": "PHP Class for working with matrices",
            "homepage": "https://github.com/MarkBaker/PHPMatrix",
            "keywords": [
                "mathematics",
                "matrix",
                "vector"
            ],
            "support": {
                "issues": "https://github.com/MarkBaker/PHPMatrix/issues",
                "source": "https://github.com/MarkBaker/PHPMatrix/tree/2.1.2"
            },
            "install-path": "../markbaker/matrix"
        },
        {
            "name": "myclabs/php-enum",
            "version": "1.7.7",
            "version_normalized": "1.7.7.0",
            "source": {
                "type": "git",
                "url": "https://github.com/myclabs/php-enum.git",
                "reference": "d178027d1e679832db9f38248fcc7200647dc2b7"
            },
            "dist": {
                "type": "zip",
                "url": "https://api.github.com/repos/myclabs/php-enum/zipball/d178027d1e679832db9f38248fcc7200647dc2b7",
                "reference": "d178027d1e679832db9f38248fcc7200647dc2b7",
                "shasum": ""
            },
            "require": {
                "ext-json": "*",
                "php": ">=7.1"
            },
            "require-dev": {
                "phpunit/phpunit": "^7",
                "squizlabs/php_codesniffer": "1.*",
                "vimeo/psalm": "^3.8"
            },
            "time": "2020-11-14T18:14:52+00:00",
            "type": "library",
            "installation-source": "dist",
            "autoload": {
                "psr-4": {
                    "MyCLabs\\Enum\\": "src/"
                }
            },
            "notification-url": "https://packagist.org/downloads/",
            "license": [
                "MIT"
            ],
            "authors": [
                {
                    "name": "PHP Enum contributors",
                    "homepage": "https://github.com/myclabs/php-enum/graphs/contributors"
                }
            ],
            "description": "PHP Enum implementation",
            "homepage": "http://github.com/myclabs/php-enum",
            "keywords": [
                "enum"
            ],
            "support": {
                "issues": "https://github.com/myclabs/php-enum/issues",
                "source": "https://github.com/myclabs/php-enum/tree/1.7.7"
            },
            "funding": [
                {
                    "url": "https://github.com/mnapoli",
                    "type": "github"
                },
                {
                    "url": "https://tidelift.com/funding/github/packagist/myclabs/php-enum",
                    "type": "tidelift"
                }
            ],
            "install-path": "../myclabs/php-enum"
        },
        {
            "name": "phpoffice/phpspreadsheet",
            "version": "1.17.1",
            "version_normalized": "1.17.1.0",
            "source": {
                "type": "git",
                "url": "https://github.com/PHPOffice/PhpSpreadsheet.git",
                "reference": "c55269cb06911575a126dc225a05c0e4626e5fb4"
            },
            "dist": {
                "type": "zip",
                "url": "https://api.github.com/repos/PHPOffice/PhpSpreadsheet/zipball/c55269cb06911575a126dc225a05c0e4626e5fb4",
                "reference": "c55269cb06911575a126dc225a05c0e4626e5fb4",
                "shasum": ""
            },
            "require": {
                "ext-ctype": "*",
                "ext-dom": "*",
                "ext-fileinfo": "*",
                "ext-gd": "*",
                "ext-iconv": "*",
                "ext-libxml": "*",
                "ext-mbstring": "*",
                "ext-simplexml": "*",
                "ext-xml": "*",
                "ext-xmlreader": "*",
                "ext-xmlwriter": "*",
                "ext-zip": "*",
                "ext-zlib": "*",
                "ezyang/htmlpurifier": "^4.13",
                "maennchen/zipstream-php": "^2.1",
                "markbaker/complex": "^1.5||^2.0",
                "markbaker/matrix": "^1.2||^2.0",
                "php": "^7.2||^8.0",
                "psr/http-client": "^1.0",
                "psr/http-factory": "^1.0",
                "psr/simple-cache": "^1.0"
            },
            "require-dev": {
                "dompdf/dompdf": "^0.8.5",
                "friendsofphp/php-cs-fixer": "^2.18",
                "jpgraph/jpgraph": "^4.0",
                "mpdf/mpdf": "^8.0",
                "phpcompatibility/php-compatibility": "^9.3",
                "phpunit/phpunit": "^8.5||^9.3",
                "squizlabs/php_codesniffer": "^3.5",
                "tecnickcom/tcpdf": "^6.3"
            },
            "suggest": {
                "dompdf/dompdf": "Option for rendering PDF with PDF Writer (doesn't yet support PHP8)",
                "jpgraph/jpgraph": "Option for rendering charts, or including charts with PDF or HTML Writers",
                "mpdf/mpdf": "Option for rendering PDF with PDF Writer",
                "tecnickcom/tcpdf": "Option for rendering PDF with PDF Writer (doesn't yet support PHP8)"
            },
            "time": "2021-03-02T17:54:11+00:00",
            "type": "library",
            "installation-source": "dist",
            "autoload": {
                "psr-4": {
                    "PhpOffice\\PhpSpreadsheet\\": "src/PhpSpreadsheet"
                }
            },
            "notification-url": "https://packagist.org/downloads/",
            "license": [
                "MIT"
            ],
            "authors": [
                {
                    "name": "Maarten Balliauw",
                    "homepage": "https://blog.maartenballiauw.be"
                },
                {
                    "name": "Mark Baker",
                    "homepage": "https://markbakeruk.net"
                },
                {
                    "name": "Franck Lefevre",
                    "homepage": "https://rootslabs.net"
                },
                {
                    "name": "Erik Tilt"
                },
                {
                    "name": "Adrien Crivelli"
                }
            ],
            "description": "PHPSpreadsheet - Read, Create and Write Spreadsheet documents in PHP - Spreadsheet engine",
            "homepage": "https://github.com/PHPOffice/PhpSpreadsheet",
            "keywords": [
                "OpenXML",
                "excel",
                "gnumeric",
                "ods",
                "php",
                "spreadsheet",
                "xls",
                "xlsx"
            ],
            "support": {
                "issues": "https://github.com/PHPOffice/PhpSpreadsheet/issues",
                "source": "https://github.com/PHPOffice/PhpSpreadsheet/tree/1.17.1"
            },
            "install-path": "../phpoffice/phpspreadsheet"
        },
        {
            "name": "psr/http-client",
            "version": "1.0.1",
            "version_normalized": "1.0.1.0",
            "source": {
                "type": "git",
                "url": "https://github.com/php-fig/http-client.git",
                "reference": "2dfb5f6c5eff0e91e20e913f8c5452ed95b86621"
            },
            "dist": {
                "type": "zip",
                "url": "https://api.github.com/repos/php-fig/http-client/zipball/2dfb5f6c5eff0e91e20e913f8c5452ed95b86621",
                "reference": "2dfb5f6c5eff0e91e20e913f8c5452ed95b86621",
                "shasum": ""
            },
            "require": {
                "php": "^7.0 || ^8.0",
                "psr/http-message": "^1.0"
            },
            "time": "2020-06-29T06:28:15+00:00",
            "type": "library",
            "extra": {
                "branch-alias": {
                    "dev-master": "1.0.x-dev"
                }
            },
            "installation-source": "dist",
            "autoload": {
                "psr-4": {
                    "Psr\\Http\\Client\\": "src/"
                }
            },
            "notification-url": "https://packagist.org/downloads/",
            "license": [
                "MIT"
            ],
            "authors": [
                {
                    "name": "PHP-FIG",
                    "homepage": "http://www.php-fig.org/"
                }
            ],
            "description": "Common interface for HTTP clients",
            "homepage": "https://github.com/php-fig/http-client",
            "keywords": [
                "http",
                "http-client",
                "psr",
                "psr-18"
            ],
            "support": {
                "source": "https://github.com/php-fig/http-client/tree/master"
            },
            "install-path": "../psr/http-client"
        },
        {
            "name": "psr/http-factory",
            "version": "1.0.1",
            "version_normalized": "1.0.1.0",
            "source": {
                "type": "git",
                "url": "https://github.com/php-fig/http-factory.git",
                "reference": "12ac7fcd07e5b077433f5f2bee95b3a771bf61be"
            },
            "dist": {
                "type": "zip",
                "url": "https://api.github.com/repos/php-fig/http-factory/zipball/12ac7fcd07e5b077433f5f2bee95b3a771bf61be",
                "reference": "12ac7fcd07e5b077433f5f2bee95b3a771bf61be",
                "shasum": ""
            },
            "require": {
                "php": ">=7.0.0",
                "psr/http-message": "^1.0"
            },
            "time": "2019-04-30T12:38:16+00:00",
            "type": "library",
            "extra": {
                "branch-alias": {
                    "dev-master": "1.0.x-dev"
                }
            },
            "installation-source": "dist",
            "autoload": {
                "psr-4": {
                    "Psr\\Http\\Message\\": "src/"
                }
            },
            "notification-url": "https://packagist.org/downloads/",
            "license": [
                "MIT"
            ],
            "authors": [
                {
                    "name": "PHP-FIG",
                    "homepage": "http://www.php-fig.org/"
                }
            ],
            "description": "Common interfaces for PSR-7 HTTP message factories",
            "keywords": [
                "factory",
                "http",
                "message",
                "psr",
                "psr-17",
                "psr-7",
                "request",
                "response"
            ],
            "support": {
                "source": "https://github.com/php-fig/http-factory/tree/master"
            },
            "install-path": "../psr/http-factory"
        },
        {
            "name": "psr/http-message",
            "version": "1.0.1",
            "version_normalized": "1.0.1.0",
            "source": {
                "type": "git",
                "url": "https://github.com/php-fig/http-message.git",
                "reference": "f6561bf28d520154e4b0ec72be95418abe6d9363"
            },
            "dist": {
                "type": "zip",
                "url": "https://api.github.com/repos/php-fig/http-message/zipball/f6561bf28d520154e4b0ec72be95418abe6d9363",
                "reference": "f6561bf28d520154e4b0ec72be95418abe6d9363",
                "shasum": ""
            },
            "require": {
                "php": ">=5.3.0"
            },
            "time": "2016-08-06T14:39:51+00:00",
            "type": "library",
            "extra": {
                "branch-alias": {
                    "dev-master": "1.0.x-dev"
                }
            },
            "installation-source": "dist",
            "autoload": {
                "psr-4": {
                    "Psr\\Http\\Message\\": "src/"
                }
            },
            "notification-url": "https://packagist.org/downloads/",
            "license": [
                "MIT"
            ],
            "authors": [
                {
                    "name": "PHP-FIG",
                    "homepage": "http://www.php-fig.org/"
                }
            ],
            "description": "Common interface for HTTP messages",
            "homepage": "https://github.com/php-fig/http-message",
            "keywords": [
                "http",
                "http-message",
                "psr",
                "psr-7",
                "request",
                "response"
            ],
            "support": {
                "source": "https://github.com/php-fig/http-message/tree/master"
            },
            "install-path": "../psr/http-message"
        },
        {
            "name": "psr/simple-cache",
            "version": "1.0.1",
            "version_normalized": "1.0.1.0",
            "source": {
                "type": "git",
                "url": "https://github.com/php-fig/simple-cache.git",
                "reference": "408d5eafb83c57f6365a3ca330ff23aa4a5fa39b"
            },
            "dist": {
                "type": "zip",
                "url": "https://api.github.com/repos/php-fig/simple-cache/zipball/408d5eafb83c57f6365a3ca330ff23aa4a5fa39b",
                "reference": "408d5eafb83c57f6365a3ca330ff23aa4a5fa39b",
                "shasum": ""
            },
            "require": {
                "php": ">=5.3.0"
            },
            "time": "2017-10-23T01:57:42+00:00",
            "type": "library",
            "extra": {
                "branch-alias": {
                    "dev-master": "1.0.x-dev"
                }
            },
            "installation-source": "dist",
            "autoload": {
                "psr-4": {
                    "Psr\\SimpleCache\\": "src/"
                }
            },
            "notification-url": "https://packagist.org/downloads/",
            "license": [
                "MIT"
            ],
            "authors": [
                {
                    "name": "PHP-FIG",
                    "homepage": "http://www.php-fig.org/"
                }
            ],
            "description": "Common interfaces for simple caching",
            "keywords": [
                "cache",
                "caching",
                "psr",
                "psr-16",
                "simple-cache"
            ],
            "support": {
                "source": "https://github.com/php-fig/simple-cache/tree/master"
            },
            "install-path": "../psr/simple-cache"
        },
        {
            "name": "symfony/polyfill-mbstring",
            "version": "v1.22.1",
            "version_normalized": "1.22.1.0",
            "source": {
                "type": "git",
                "url": "https://github.com/symfony/polyfill-mbstring.git",
                "reference": "5232de97ee3b75b0360528dae24e73db49566ab1"
            },
            "dist": {
                "type": "zip",
                "url": "https://api.github.com/repos/symfony/polyfill-mbstring/zipball/5232de97ee3b75b0360528dae24e73db49566ab1",
                "reference": "5232de97ee3b75b0360528dae24e73db49566ab1",
                "shasum": ""
            },
            "require": {
                "php": ">=7.1"
            },
            "suggest": {
                "ext-mbstring": "For best performance"
            },
            "time": "2021-01-22T09:19:47+00:00",
            "type": "library",
            "extra": {
                "branch-alias": {
                    "dev-main": "1.22-dev"
                },
                "thanks": {
                    "name": "symfony/polyfill",
                    "url": "https://github.com/symfony/polyfill"
                }
            },
            "installation-source": "dist",
            "autoload": {
                "psr-4": {
                    "Symfony\\Polyfill\\Mbstring\\": ""
                },
                "files": [
                    "bootstrap.php"
                ]
            },
            "notification-url": "https://packagist.org/downloads/",
            "license": [
                "MIT"
            ],
            "authors": [
                {
                    "name": "Nicolas Grekas",
                    "email": "p@tchwork.com"
                },
                {
                    "name": "Symfony Community",
                    "homepage": "https://symfony.com/contributors"
                }
            ],
            "description": "Symfony polyfill for the Mbstring extension",
            "homepage": "https://symfony.com",
            "keywords": [
                "compatibility",
                "mbstring",
                "polyfill",
                "portable",
                "shim"
            ],
            "support": {
                "source": "https://github.com/symfony/polyfill-mbstring/tree/v1.22.1"
            },
            "funding": [
                {
                    "url": "https://symfony.com/sponsor",
                    "type": "custom"
                },
                {
                    "url": "https://github.com/fabpot",
                    "type": "github"
                },
                {
                    "url": "https://tidelift.com/funding/github/packagist/symfony/symfony",
                    "type": "tidelift"
                }
            ],
            "install-path": "../symfony/polyfill-mbstring"
        }
    ],
    "dev": true,
    "dev-package-names": []
}
